stationid,lat,lon
27205530,34.756319,135.5212195
01101010,43.06225480000001,141.3532777
01101020,43.0396273,141.3252375
01101520,43.06225480000001,141.3532777
01101540,43.0409769,141.3445286
01102010,43.1453261,141.3711567
01102020,43.0820313,141.3331053
01102510,43.0843826,141.3483898
01103010,43.0839536,141.3587536
01103520,43.1037853,141.3741522
01104030,43.0691627,141.4156654
01105010,43.0228762,141.4269315
01105520,43.03045300000001,141.396111
01106050,42.9626928,141.3548381
01107020,43.0877638,141.2890968
01107030,43.124975,141.2459108
01108010,43.04212950000001,141.4630875
01110010,42.99926180000001,141.4435827
01202080,41.8188869,140.7468006
01202100,41.77803979999999,140.7365488
01202110,41.7958914,140.7302196
01202560,41.8188869,140.7468006
01202570,41.7830756,140.76832
01203090,43.139733,141.1564479
01203100,43.1816823,141.0219079
01203110,43.2105522,140.9369767
01203520,43.1969095,140.9946841
01204010,43.7702998,142.3645743
01204011,43.7702998,142.3645743
01204050,43.7940457,142.3294024
01204150,43.7482619,142.3964685
01204160,43.8107633,142.4360185
01205020,42.3223606,140.9984815
01205060,42.3783205,140.9418307
01205310,42.33715369999999,141.0170784
01205320,42.347823,141.0334107
01205540,42.34025,141.0241673
01205550,42.36597709999999,140.951444
01206280,43.0173372,144.2606979
01206290,43.0214076,144.3636328
01207090,42.9239722,143.1960911
01208510,43.7987008,143.8907183
01213020,42.6503481,141.6071581
01213050,42.6576551,141.6309688
01213070,42.628815,141.7239436
01213220,42.6698527,141.6892571
01213510,42.627265,141.5414423
01213610,42.6340373,141.6055597
01224010,42.8299585,141.6722923
01224020,42.8395695,141.6430061
01224050,42.7975721,141.7340661
01224060,42.7896547,141.5998683
01224510,42.8240893,141.6559533
01226010,43.50902929999999,141.9187227
01302010,43.1581633,141.2835762
01335030,41.83442470000001,140.6956611
01424010,43.4252332,141.8791082
01518950,45.1530013,141.2269035
01578010,42.5505664,141.3559622
01578030,42.5096181,141.2906905
01579020,42.73334,141.7733971
01579030,42.76268890000001,141.8055239
01581010,42.7212216,141.8850671
01581020,42.6461029,141.8491359
01582020,42.6011207,141.8976741
01582030,42.5790773,141.925667
02201070,40.8192369,140.761095
02201080,40.8140302,140.7341438
02201090,40.8258545,140.6748354
02201520,40.8243069,140.7528079
02202060,40.6085258,140.4771848
02202510,40.5942053,140.4396435
02203050,40.5322634,141.4711699
02203220,40.56001,141.4471351
02203240,40.5163489,141.4806243
02203260,40.5275241,141.5221467
02203510,40.5079413,141.4901961
02204010,40.6505456,140.5941222
10425010,36.4836568,138.4937213
02205010,40.7818583,140.4634634
02206030,40.6089347,141.2031855
02207020,40.6940313,141.3763288
02208030,41.28404949999999,141.2092613
02307950,41.2412816,140.368568
02321010,40.78269179999999,140.2381031
02364510,40.7570732,140.5898472
02411010,40.97637659999999,141.3593692
03201070,39.6637187,141.1453408
03201550,39.7203557,141.13815
03202050,39.6442869,141.9498839
03203090,39.0952669,141.7045921
03204010,39.1440371,141.1401285
03205010,39.3900124,141.1158996
03206010,39.2872222,141.1108537
03207010,40.1916885,141.7627117
03209010,38.9358415,141.1272191
03209510,38.9324055,141.1186394
03211070,39.2658381,141.8454254
03213020,40.2688046,141.2958978
03215010,39.1928193,141.1752501
03305010,39.7817034,141.1405021
03321010,39.5552792,141.1722039
04101010,38.2718954,140.7767039
04101020,38.2686728,140.7641372
04101510,38.2932172,140.8733429
04104010,38.2585519,140.6712978
04105520,38.3107165,140.8457951
04105530,38.3365894,140.8860157
04201020,38.3012838,140.946114
04201030,38.2908644,140.9105083
04201050,38.2189391,140.8892424
04201060,38.2964508,140.8389242
04201070,38.2648566,140.9765374
04201080,38.241072,140.9420495
04201210,38.2803781,140.9718261
04201220,38.2211062,140.8278262
04201230,38.26004229999999,140.8963204
04201540,38.2672734,140.9109735
04201550,38.2727087,140.8640566
04201560,38.2508938,140.8818405
04202060,38.4330154,141.2620458
04203010,38.3143308,141.0220539
04203510,38.3143557,141.0298497
04204020,38.5665918,140.9745424
04204510,38.5711324,140.9790227
04205020,38.902746,141.5709194
04206010,37.9973807,140.6193414
04207510,38.1708702,140.8914668
04210010,38.3229584,140.8931671
04211010,38.1114753,140.8680692
04323010,38.0565554,140.7658698
04341010,37.8562241,140.817232
04362010,37.9406596,140.8928995
04401010,38.3895246,141.0715152
04406010,38.330037,140.9811807
04421010,38.4471773,140.8869295
04501010,38.5504263,141.170805
04521010,38.7385708,141.0187123
04541010,38.691779,141.2081563
04562020,38.412416,141.2088986
05201010,39.7615051,140.0822435
05201030,39.703907,140.1026808
05201040,39.6795727,140.1304672
05201060,39.7955231,140.1234359
05201080,39.75626279999999,140.0667965
05201120,39.7201283,140.1017801
05201130,39.6770693,140.0839452
05201340,39.7899111,140.0616933
05201370,39.7143034,140.1466801
05201530,39.703907,140.1026808
05202020,40.2107604,140.0196592
05202040,40.1695274,140.1195362
05203020,39.3100292,140.5781487
05204020,40.2737896,140.5728139
05205010,39.3839601,140.0499266
05206060,39.8900409,139.8502469
05208010,39.4508865,140.4786818
06201090,38.2702593,140.3406186
06201110,38.2119309,140.3160787
06201510,38.2693603,140.3622751
06202010,37.919914,140.1138229
06203010,38.7393017,139.8270664
06204020,38.9314068,139.834362
06204040,38.9476532,139.8918104
06204050,38.9133111,139.8490822
06205010,38.7574861,140.298662
06206010,38.3907689,140.2773842
06208010,38.4736,140.3988015
06209010,38.1106376,140.0345225
06422010,38.8458511,139.9036941
06461010,39.0131088,139.9181269
07201180,37.7764493,140.4906747
07201190,37.7404417,140.4632759
07201200,37.7669513,140.4494813
07201510,37.7670049,140.4781183
07202070,37.493881,139.926216
07203130,37.3908901,140.3965261
07203140,37.392156,140.3790658
07203150,37.4480471,140.3930366
07203170,37.4177316,140.3900977
07203180,37.35591489999999,140.3646879
07203520,37.393563,140.3423574
07204020,36.8949834,140.781943
07204030,36.9131278,140.7721917
07204070,36.9398958,140.8638763
07204090,36.953204,140.8698807
07204110,36.9633773,140.8931114
07204160,36.9465216,140.8783192
07204170,36.92895439999999,140.8201018
07204210,37.0584359,140.8857179
07204510,37.0543046,140.9000993
07204720,37.0031202,140.9173426
07204730,37.0038675,140.8487518
07204740,37.094391,140.9654196
07205050,37.1216944,140.2209421
07206050,37.639986,140.950396
07207010,37.2859625,140.3715715
07208090,37.6584116,139.8742433
07209080,37.80443,140.919307
07210010,37.5848237,140.4300891
07368010,37.20122480000001,139.7813093
07466010,37.2012581,140.338608
07481010,37.0232356,140.3766162
07541010,37.2190082,140.9901618
07542010,37.26553970000001,140.9975558
07543010,37.3593652,140.9946837
07546010,37.4412907,141.0054318
07561020,37.8731716,140.9132984
07563010,37.6422006,140.957261
08201030,36.3927472,140.4262903
08201040,36.3300825,140.4980362
08201510,36.3811109,140.4584385
08202020,36.6012537,140.6501965
08202050,36.5576566,140.6258907
08202200,36.4952752,140.5822382
08203010,36.0707298,140.1909326
08203520,36.0427672,140.1671688
08204010,36.2040503,139.7155912
08205020,36.2034416,140.284938
08206010,36.3096848,139.9765615
08208010,35.9072244,140.1930039
08210010,36.1842223,139.9602831
08211010,36.0342626,139.9920425
08212010,36.5248394,140.5176525
08213010,36.3965854,140.5346664
08214010,36.7152097,140.7116968
08215010,36.7799923,140.7342926
08216010,36.3857574,140.2369586
08217010,35.9110671,140.0495324
08220010,36.1041017,140.0375656
08221010,36.40157,140.5022803
08302010,36.314559,140.4178973
08341010,36.4339475,140.6223267
08342010,36.4473368,140.5077779
08344010,36.555081,140.4021967
08402010,36.1595964,140.5167529
08405010,35.9644771,140.6229747
08405020,35.971386,140.6599215
08406010,35.9160826,140.62583
08406030,35.8991784,140.6382045
08406050,35.8899991,140.6644489
08406060,35.87114990000001,140.6713908
08406080,35.8506637,140.7027292
08407010,35.8382409,140.7415295
08423040,35.9395682,140.567393
08441010,35.962133,140.31192
08541010,36.1765147,139.7677638
08561510,35.9510748,139.9744275
09201060,36.48792,139.863122
09201070,36.5081783,139.9426482
09201080,36.5908349,139.8559684
09201100,36.5674664,139.9201458
09201108,36.6004178,139.9404248
09201110,36.5318084,139.9803186
09201120,36.5567672,139.8851296
09201570,36.561921,139.8844175
09201580,36.5674799,139.9409774
09202010,36.3521022,139.4542268
09202520,36.2914457,139.4949175
09203010,36.3813923,139.7303562
09203030,36.2832121,139.6847564
09203520,36.3922535,139.7460429
09204020,36.330908,139.5820566
09204530,36.2910951,139.5611003
09205010,36.5669749,139.745005
09205510,36.5701742,139.7565829
09206010,36.7489614,139.6153356
09207010,36.7257039,139.6800109
09207510,36.7260667,139.6825604
09208010,36.313294,139.8002801
09208510,36.3152868,139.8018195
09209010,36.4403673,140.0136724
09209510,36.4435153,139.9942873
09210010,36.8708174,140.0155171
09211010,36.8062129,139.9239959
09211510,36.7656467,139.9418164
09212010,36.9688923,140.0549894
09216010,36.3847082,139.8775674
09301010,36.4393022,139.9101767
09301510,36.4445767,139.9074816
09342010,36.4673588,140.0934838
09364010,36.2305774,139.7422865
09383010,36.822353,139.7151723
09402010,36.6598314,140.1510903
10201090,36.4047323,139.0960211
10201510,36.3816035,139.0428727
10202010,36.33801589999999,138.9955116
10203010,36.4105658,139.342672
10203510,36.3695416,139.3526243
10204030,36.31351160000001,139.1945766
10204510,36.3034767,139.2076974
10205010,36.2909131,139.3817322
10205510,36.2780216,139.3868953
10206010,36.64710669999999,139.0432674
10207010,36.2499123,139.5317782
10207510,36.2351772,139.5202506
10208010,36.4990885,138.9940146
10208510,36.4921403,139.0120412
10210010,36.25898610000001,138.8939601
10211010,36.323256,138.9138437
10211040,36.3299788,138.9277215
10211060,36.3276673,138.8951009
10211510,36.3303214,138.9177641
10423010,36.5786787,138.8275195
10449010,36.7304635,138.9827919
10464010,36.2974922,139.1103334
11110010,35.9148962,139.7266446
12219520,35.5199386,140.0829646
11110510,35.95519609999999,139.6815107
11201030,35.8906262,139.4866332
11201040,35.9278059,139.4869977
11201050,35.91932389999999,139.426854
11201510,35.9065533,139.4926183
11202040,36.1473726,139.3886361
11202510,36.163357,139.395017
11203030,35.8008764,139.7027383
11203040,35.7977241,139.750635
11203050,35.8292566,139.7636506
11203060,35.8331499,139.6861921
11203510,35.8408796,139.7503743
11203530,35.8535759,139.7314741
11204010,35.8616328,139.6459029
11204040,35.8395616,139.6654039
11204520,35.8368235,139.6307046
11204530,35.8309526,139.6585497
11205020,35.9519803,139.6056592
11205030,35.9409328,139.664106
11205040,35.9228477,139.5731918
11205050,35.9070624,139.6738304
11205120,35.9067102,139.6290312
11205530,35.9131412,139.5958234
11205540,35.9372992,139.6445189
11206020,36.1391874,139.4758402
11207010,35.9879187,139.0800942
11208060,35.8033447,139.5197372
11208070,35.7854852,139.4401367
11208090,35.8143889,139.4835861
11208520,35.79936070000001,139.4728997
11208530,35.8056126,139.4097976
11209010,35.8545114,139.3269334
11210010,36.132313,139.6097908
11211010,36.2389843,139.2010568
11212020,36.0311435,139.4158599
11212520,36.0530326,139.4106122
11213010,35.9506516,139.7019868
11214030,35.9723261,139.7456856
11214510,35.9545853,139.7276703
11215010,35.859352,139.4493025
11216010,36.1754206,139.5569825
11217010,36.06596,139.5221929
11217510,36.05981939999999,139.5216362
11218010,36.1859318,139.2787963
11218510,36.1976558,139.2915319
11219020,35.9769418,139.5703631
11221050,35.8293325,139.7956882
11221510,35.839652,139.7905143
11221520,35.847355,139.77671
11222020,35.8959041,139.7962265
11222030,35.93410739999999,139.7638423
11224010,35.81905709999999,139.6646544
11224510,35.8209206,139.6425316
11225010,35.8313321,139.3967361
11225510,35.8322468,139.378643
11229010,35.778059,139.616884
11229510,35.7937349,139.614909
11230070,35.7820779,139.5521867
11232010,36.0656055,139.6623882
11232510,36.0701176,139.6681689
11234010,35.820508,139.8355327
11235010,35.8567086,139.5490558
11235510,35.85271520000001,139.5712889
11237020,35.8422674,139.8841693
11238010,35.9727675,139.6494849
11239010,35.9714792,139.4009589
11240010,36.0754341,139.7316932
11241510,35.93095539999999,139.3996248
11326010,35.9619793,139.3254848
11329010,35.8930667,139.3434724
11343010,36.0594871,139.2619009
11344010,36.0184188,139.1777779
11346510,35.9795506,139.4611741
11362010,36.0708172,139.0988043
12219180,35.4483325,140.1351015
11382010,36.1901088,139.1333957
11403010,36.2229999,139.3819898
11408510,36.121908,139.2074557
11421010,36.0854272,139.5597075
11442010,36.0267856,139.7121998
12105010,35.5546114,140.1742426
12201010,35.69410380000001,140.0977715
12201020,35.6488193,140.0688382
12201040,35.6649295,140.1432781
12201050,35.6534982,140.0978705
12201070,35.5963065,140.1818881
12201090,35.6286945,140.1837585
12201120,35.59697240000001,140.1213618
12201160,35.5835927,140.1282351
12201180,35.5726557,140.1310505
12201200,35.6073392,140.1064992
12201250,35.611391,140.138552
12201260,35.531377,140.2578558
12201300,35.6348139,140.1205528
12201320,35.6340173,140.0669084
12201520,35.6095183,140.1201511
12201540,35.6589021,140.0977401
12201570,35.6445893,140.067069
12202090,35.7286623,140.8255983
12203040,35.6960854,139.9588221
12203080,35.7503315,139.954414
12203110,35.7239425,139.9328454
12203120,35.6790883,139.9133061
12203510,35.7314911,139.9060251
12203520,35.684037,139.9206727
12203550,35.70954990000001,139.9226579
12204040,35.7455079,139.9956824
12204050,35.7271186,140.0089949
12204060,35.7294164,140.0415732
12204070,35.6953637,140.0247173
12204100,35.7574587,140.0608282
12204110,35.7135174,139.9647304
12204140,35.6771308,139.993363
12204150,35.6971527,139.9772366
12204520,35.6981038,139.9754694
12204530,35.6880639,139.9785953
12205030,35.0184814,139.8816085
12206010,35.3858445,139.9253573
12206030,35.4211601,139.8997565
12206070,35.3812139,139.9504682
12206080,35.3417491,139.9042343
12206140,35.3688946,140.0678416
12206520,35.374032,139.9382318
12206530,35.4071326,139.9627043
12207010,35.7876179,139.9033705
12207020,35.7911332,139.9623064
12207030,35.823038,139.9291413
12207520,35.7995549,139.9123927
12208010,35.9476145,139.8659565
12208510,35.953403,139.880097
12209010,35.8934843,140.5615266
12210010,35.434099,140.2859778
12211040,35.77367479999999,140.2950695
12211510,35.7781301,140.3208523
12212040,35.7277762,140.2064792
12212520,35.6846567,140.205131
12213010,35.5552469,140.368981
12214010,35.7212275,140.5779348
12216010,35.6853688,140.030958
12217020,35.8439578,139.9717795
12217030,35.9015724,139.9635447
12217510,35.857934,139.9636086
12217520,35.8967528,139.921008
12218010,35.1799832,140.2657828
12219010,35.5356071,140.1241332
12219030,35.5199404,140.0900293
12219060,35.4787704,140.0502546
12219090,35.4879615,140.0776785
12219110,35.4983318,140.1797728
12219120,35.5229895,140.1508801
12219140,35.4478422,140.0522701
12219190,35.5260141,140.0679921
12219200,35.5103903,140.1153436
12219380,35.3335387,140.1460666
12219390,35.4062084,140.142491
12220010,35.8570293,139.9035901
12221020,35.716628,140.0821774
12221510,35.7323499,140.118946
12222010,35.8623423,140.0772685
12224040,35.7935401,140.0175457
12224510,35.7822144,140.0081501
12225010,35.3316012,139.9023381
12225030,35.3435333,139.8843042
12225070,35.3013114,139.9275296
12225080,35.342859,139.8661901
12225090,35.3229581,140.0533454
12225120,35.3055301,139.9698313
12226010,35.3218906,139.852887
12227510,35.655035,139.9108242
12228010,35.6678777,140.1708865
12230010,35.6729414,140.3118002
12301020,35.6552406,139.9012134
12303010,36.0477601,139.8141856
12305510,35.8406241,140.002113
12326010,35.7985543,140.0446776
12327010,35.7957276,140.1395164
12329010,35.8460503,140.2465786
12343010,35.8523869,140.4205247
12344020,35.8466005,140.6002988
12345020,35.7901177,140.6059434
12408010,35.6553864,140.4842145
12409010,35.7206815,140.4140222
12421020,35.348911,140.3798435
12463010,35.1110554,139.8353306
12481010,35.4287384,139.9533725
12481040,35.4557607,140.0279697
12481050,35.4144862,140.0022961
12481060,35.4291604,140.0282756
12481070,35.3651236,140.0084012
12481080,35.3903778,140.0345446
12481090,35.4241348,140.0702598
12481160,35.4496582,140.0036082
12481510,35.4322751,139.9682273
12481520,35.4222118,140.0160722
13101010,35.692767,139.7679463
13101510,35.6940309,139.7537719
13101520,35.6940309,139.7537719
13102010,35.6564166,139.7793661
13102510,35.6788955,139.7817278
13103010,35.6422585,139.7355846
13103510,35.6381278,139.740135
13104010,35.6837071,139.7113021
13104540,35.6837071,139.7113021
13104550,35.7167454,139.703742
13105010,35.7331806,139.7555691
13105530,35.7194287,139.7346645
13106520,35.7292203,139.793248
13107520,35.7202019,139.815146
13108010,35.689975,139.8276492
13108020,35.6324902,139.7785345
13108520,35.6967785,139.8356927
13108530,35.6499989,139.8102702
13109010,35.6108138,139.7209595
13109030,35.6007707,139.7514887
13109510,35.6165235,139.7406755
13109520,35.6204066,139.719059
13110010,35.6194814,139.6821513
13110510,35.6525728,139.6903398
13110530,35.6232078,139.6791349
13111010,35.5575322,139.7396494
13111520,35.5963547,139.7098858
13111530,35.6018959,139.6930952
13111540,35.5731466,139.686531
13112010,35.646004,139.6528218
13112020,35.6519663,139.5957727
13112510,35.6353695,139.6639875
13112520,35.6660458,139.613017
13113010,35.6641008,139.6985104
13113510,35.6727047,139.6619497
13114010,35.7191824,139.6410647
13114510,35.70038820000001,139.6824869
13115010,35.6906352,139.6023409
13115550,35.719092,139.6198683
13116530,35.7418787,139.7262368
13117520,35.7666518,139.7357443
13118010,35.7331499,139.7891857
13119010,35.7538045,139.707651
13119510,35.7609043,139.7054233
13120010,35.7653547,139.664222
13120020,35.7377286,139.5990181
13120030,35.7433165,139.6525779
13121010,35.7800681,139.7762232
13121020,35.7697167,139.8257782
13121510,35.77453510000001,139.8045157
13122010,35.744251,139.8776074
13122020,35.7864558,139.8692678
13122520,35.7608755,139.8530976
13123010,35.7099429,139.8859668
13123020,35.6821907,139.8773135
13123030,35.6536708,139.871021
13201020,35.6449805,139.3398327
13201040,35.6283426,139.287173
13201060,35.6714287,139.2930374
13201510,35.66185249999999,139.3210684
13202010,35.7139094,139.4078627
13203010,35.7129334,139.5562603
13203510,35.7110151,139.5385007
13204510,35.6924964,139.560947
13205010,35.7906682,139.2752717
13206010,35.6689308,139.477549
13208020,35.6664505,139.5553302
13209010,35.5357835,139.4529557
13209020,35.5870987,139.4834704
13210010,35.7040292,139.5063669
13211010,35.7277805,139.4765433
13212520,35.6560905,139.4330685
13213510,35.752624,139.4660197
13215510,35.6821067,139.4321945
13216010,35.7280748,139.5343932
13217010,35.7496954,139.5580759
13217510,35.7247401,139.5529825
13218010,35.7386543,139.3267764
13219010,35.6351588,139.570463
13220010,35.7509319,139.4253255
13221010,35.7797407,139.521002
13222510,35.7514113,139.5216362
13224010,35.6332618,139.4319861
13303520,35.7749305,139.336038
13421950,27.0960623,142.2151268
14101010,35.5003919,139.6849913
14101020,35.4956192,139.6707013
14101520,35.5227127,139.675406
14102010,35.4771023,139.6292834
14103010,35.4576874,139.6156393
14103510,35.4653692,139.6114949
14104020,35.4193072,139.6488806
14104030,35.4151966,139.6624281
14105020,35.4343409,139.610123
14106010,35.4520062,139.5855624
14107010,35.402381,139.6184164
14107520,35.4207697,139.6245683
14108020,35.36122230000001,139.6316151
14109040,35.518987,139.6330203
14110050,35.3977109,139.5138459
14110510,35.3986601,139.5257126
14111020,35.3867642,139.5706101
14111520,35.4016667,139.5904691
14112020,35.4719976,139.5520672
14112510,35.4856466,139.5213351
14113020,35.5160013,139.5265331
14113510,35.539608,139.5152296
14113520,35.5354357,139.5658493
14114020,35.45744730000001,139.4867465
14115010,35.357639,139.5716437
14116010,35.425629,139.4898296
14117010,35.553844,139.5362099
14118010,35.544799,139.5706659
14131020,35.5319906,139.7340411
14131030,35.5149206,139.7117829
14131100,35.5319907,139.7036123
14131510,35.530861,139.7028959
14131530,35.5209026,139.7292786
14131540,35.5234828,139.6943732
14132060,35.5444024,139.6863924
14132510,35.5433476,139.6918181
14133010,35.5759815,139.6559439
14133520,35.568787,139.6589513
14134010,35.598802,139.614022
14134530,35.6080779,139.6144841
14135070,35.6024229,139.5150547
14135080,35.62262080000001,139.5587687
14135530,35.5914051,139.4975649
14135540,35.616606,139.574451
14136010,35.5889618,139.5858961
14136510,35.58478059999999,139.5801042
14153510,35.552819,139.421767
14201020,35.3182278,139.6317448
14201040,35.221488,139.6259237
14201050,35.2266534,139.7060151
14201530,35.2829123,139.6704215
14203030,35.3762374,139.3629748
14203040,35.334984,139.3091998
14203050,35.31912519999999,139.3455297
14203100,35.3556141,139.3547836
14203510,35.3335398,139.3562292
14204010,35.3192067,139.5471289
14204530,35.3488347,139.5209463
14205010,35.3388323,139.4918806
14205030,35.4012915,139.467352
14205040,35.403358,139.4168038
14205050,35.3402423,139.4492865
14205510,35.3473974,139.4849011
14206010,35.2644846,139.1522272
14206510,35.2506153,139.1586252
14207010,35.3337929,139.4036328
14207510,35.3336185,139.4027683
14208020,35.295594,139.5803997
14208520,35.2953326,139.5802054
14209010,35.5714754,139.3731743
14209020,35.521846,139.4078149
14209030,35.5991221,139.3434209
14209040,35.5481299,139.3344765
14209050,35.5864859,139.2565095
14209530,35.5485606,139.3567039
14210010,35.1446882,139.6207388
14211010,35.374649,139.2239719
14211510,35.3714959,139.2303028
14212020,35.44047,139.3634111
14212520,35.4666052,139.3678037
14212530,35.4452165,139.3576209
14213010,35.4875298,139.4579964
14213510,35.4718748,139.466145
14214020,35.4033424,139.3150843
14214510,35.3899778,139.2789768
14215010,35.446427,139.3908038
14216020,35.488636,139.407704
14217020,35.3107433,139.1157538
14218010,35.4371591,139.4263217
14321010,35.3726054,139.3837609
14382010,35.2540924,139.0497132
14401010,35.5286217,139.3223763
15102510,37.9341361,139.0911366
15108010,37.7588032,138.8840891
15201060,37.9353337,139.0794313
15201150,37.9812255,139.2202278
15201220,37.9203509,139.0782901
15201270,37.9562555,139.1440766
15201322,37.9162257,139.0363548
15201410,37.8805093,138.9869852
22201090,34.9856239,138.3366179
15201420,37.9167461,139.2268962
15201430,37.8721378,139.1016698
15201560,37.9150401,139.0691899
15201570,37.7645821,139.0159176
15202080,37.4390233,138.8391709
15202510,37.4703078,138.861469
15205060,37.3676078,138.579031
15206050,37.95293119999999,139.330271
15207020,37.7911829,139.1195588
15212010,38.227776,139.474629
15213010,37.6693936,138.9221494
15216010,37.0416892,137.8531416
15217050,37.0397632,138.2570833
15222190,37.1622865,138.2711028
15224010,37.9887519,138.3958256
15224950,38.2340537,138.4232742
15307020,38.0116167,139.2790427
15307080,37.9544644,139.2387925
15310010,38.0577552,139.4068027
15463010,37.0576786,138.8684775
15543010,37.1922838,138.2729815
15563170,36.9909975,137.8134642
16201021,36.6943114,137.2031287
16201110,36.7490583,137.3054004
16201140,36.654799,137.2215421
16201400,36.7425277,137.2331301
16201510,36.6930988,137.2115311
16201520,36.7222389,137.2359058
16202060,36.79397540000001,137.0564571
16202520,36.7590496,137.0194935
16203030,36.76380270000001,137.1475746
16204090,36.8288656,137.4080761
16205180,36.8437282,136.9919991
16206240,36.7508582,137.3492112
16207011,36.8830286,137.4458386
16208120,36.6291085,136.9892421
16209100,36.6727774,136.8710475
16342060,36.9363581,137.5054376
16362010,36.6581297,137.1533565
16381010,36.7002692,137.0996556
16408060,36.5981836,136.9087054
17201090,36.5526505,136.6061372
17201110,36.5561283,136.6772214
17201290,36.5670356,136.6507388
17201300,36.5898381,136.6355342
17201310,36.598011,136.603013
17201320,36.5950351,136.6758186
17201550,36.5720051,136.655011
17201560,36.5601426,136.6517671
17201650,36.5278205,136.6488859
17202190,37.0500257,136.9489741
17202200,37.0804681,136.9274598
17202240,37.0623092,137.01172
17203140,36.4081689,136.4613455
17204010,37.2953024,136.9570098
17205020,37.4414281,137.2700595
17206010,36.3022064,136.3156813
17207010,36.8926336,136.7784319
17208010,36.51968069999999,136.5633768
17208020,36.4706986,136.5759986
17321010,36.4464386,136.4553535
17342010,36.4733797,136.4767669
17344520,36.5464656,136.6008578
17361010,36.6685908,136.7278147
17365010,36.6337294,136.6295955
17401010,37.0612656,136.8928695
17404010,36.9663847,136.9170166
17405010,37.1219596,136.9963988
18201040,36.0557685,136.2228653
18201060,36.1468082,136.0996008
18201070,36.0518113,136.2740169
18201540,36.031118,136.2315365
18202020,35.6538374,136.0617979
18202190,35.6285461,136.0530522
18202530,35.6315696,136.0663554
18203010,35.9082123,136.1585528
18203100,35.8949141,136.2247956
18203110,35.9211463,136.1716563
18203120,35.8789555,136.066801
18204010,35.4982926,135.7491371
18205010,35.9916181,136.4879846
18207010,35.9701608,136.1840498
18207050,35.9797543,136.1933469
18207080,35.9371206,136.199426
18207520,35.9615906,136.1878136
18361010,36.1903645,136.1440042
18363010,36.2121657,136.2285256
18363020,36.1972996,136.2686225
18366010,36.1663818,136.2262878
18381010,35.9191911,136.2472179
18441010,35.5489531,135.9092309
19201011,35.6620982,138.5683089
19201020,35.6721125,138.5499996
19201510,35.6362127,138.558107
19202030,35.4805617,138.8010438
19204010,35.5398,138.8970679
19205020,35.7037494,138.7129066
19206010,35.6081699,138.9338621
19207030,35.70077740000001,138.4586601
19321030,35.6485351,138.6601942
19366010,35.2896864,138.4462495
19390030,35.6050435,138.4953278
19441030,35.630171,139.1087935
20201030,36.6356949,138.173771
20201070,36.6673422,138.2179159
20201110,36.5800196,138.1436485
20201140,36.6046906,138.2062966
20201150,36.7119053,138.2822794
20201510,36.5975303,138.1871296
20201520,36.6500571,138.190476
20202050,36.2348871,137.9435318
20202510,36.2304235,137.9552219
20203010,36.4006858,138.2603884
20204510,36.1288316,138.0505925
20205010,35.5137784,137.8294179
20206010,36.0339667,138.1073764
20207010,36.6551775,138.3115531
20208020,36.3263894,138.4366118
20209010,35.8401194,137.9577936
20211010,36.7449795,138.3726244
20212160,36.5078617,137.8621682
20216510,36.5413588,138.1213004
20217020,36.2295551,138.4615629
20421030,35.8390986,137.6879986
20485950,36.7352035,137.8162936
21201010,35.4222141,136.7589202
21201020,35.385969,136.7511741
21201030,35.457029,136.7719591
21201520,35.4237855,136.7575191
21202020,35.3579319,136.6113011
21202050,35.3410761,136.6242418
21202510,35.35264530000001,136.6216697
21203010,36.146145,137.252156
21205360,35.4921453,136.9180744
21206010,35.4875251,137.5006558
21208010,35.3618194,137.2554376
21209020,35.3197801,136.7027971
21210501,35.449862,137.433032
21211010,35.4535332,137.030104
21212510,35.3573259,137.1753647
21213020,35.4104376,136.8791195
21214510,35.4335822,137.0454931
21215950,35.5774358,136.68265
21218010,35.4333158,136.6574838
21220010,35.8841895,137.2074429
21541010,35.3022716,137.1698897
22102010,34.9510998,138.4184995
22103010,35.0021953,138.4477689
22132540,34.7309131,137.7864167
22135010,34.8031164,137.5560849
22137010,34.8726387,137.8160709
22201030,34.9960412,138.4066959
22201060,34.9376858,138.3682366
22201500,34.9701157,138.3802631
22201530,34.9395167,138.3339796
22202040,34.7028525,137.7154234
22202080,34.7270705,137.6689744
22202120,34.7567388,137.7728225
22202150,34.6936794,137.7648676
22202160,34.7625729,137.7163502
22202520,34.70546830000001,137.7279959
22202530,34.7072769,137.7492291
22203010,35.1069864,138.8566554
22204010,35.0157291,138.4895816
22204020,35.0009337,138.5217943
22204090,35.0492781,138.4712296
22204100,35.0605373,138.52772
22204510,35.0421505,138.4849112
22205010,35.0956064,139.0687318
22206010,35.1183974,138.9186068
22206510,35.1117417,138.9171345
22207010,35.2220957,138.6216999
22208020,34.9656121,139.1020812
22209010,34.8363491,138.1760238
22210010,35.1540954,138.6774781
22210020,35.17063479999999,138.7157909
22210030,35.1845488,138.6861088
22210040,35.1389897,138.7038898
22210050,35.1907845,138.6482895
22210060,35.212562,138.6873481
22210070,35.1624746,138.6468898
22210160,35.1497288,138.7640341
22210170,35.1758502,138.5998848
22210510,35.1566585,138.6651499
22210520,35.1346961,138.6576871
22211010,34.7171835,137.8508728
22212010,34.8648717,138.3122149
22213010,34.769027,137.9976964
22213510,34.7810373,138.0174331
22214010,34.848539,138.269266
22214510,34.8764267,138.2712184
22215010,35.3088081,138.9341083
22216010,34.7502332,137.9248349
22218010,34.7918944,137.7915988
22219010,34.6795476,138.9452334
22220010,35.1794563,138.9076905
22221010,34.7184684,137.5316085
22327010,35.0121162,138.9580767
22381010,35.14851,138.6230211
22382010,35.1180803,138.5969257
22402010,34.8076588,138.2930268
22423010,34.7399973,138.2246211
22447010,34.6658332,138.055009
22522010,34.8345381,137.670722
23101010,35.1755997,136.9755257
23103011,35.1969562,136.9072677
23103020,35.2110807,136.902328
23104510,35.2045697,136.8839871
23105050,35.1696351,136.8627935
23106018,35.1601378,136.8998058
23107020,35.1442526,136.960426
23109520,35.1319576,136.9024063
23110040,35.1375442,136.8803126
23110050,35.1404408,136.8127001
23111010,35.1061208,136.8419735
23111021,35.1033076,136.8880309
23112020,35.076772,136.9137329
23112060,35.1095832,136.9252776
23112510,35.0850386,136.923761
23113010,35.2033163,136.9765267
23114010,35.069614,136.9371018
23116010,35.1225652,136.9748319
23201030,34.7170795,137.3442542
23201040,34.7851153,137.4392382
23201060,34.6983498,137.3877138
23201170,34.7252843,137.4479205
23201520,34.7637775,137.415512
23201540,34.7692439,137.391511
23202030,34.9192891,137.2908714
23202040,34.9205716,137.1708294
23202510,34.9467181,137.1882268
23202550,34.9626945,137.1418898
23202560,34.9825611,137.16485
23203010,35.3155185,136.8080322
23204510,35.2222888,137.0866005
23205050,34.8946169,136.938086
23206270,35.2566883,136.9599334
23206530,35.2354414,136.9582211
23207010,34.8265109,137.3769853
23207510,34.8182902,137.3474414
23208530,35.1736733,136.740152
23209080,34.8377737,136.9776791
23209510,34.8833197,136.9969096
23210040,34.9871454,136.9996813
23211020,35.0219377,137.119018
23211040,35.0847873,137.1401721
23211050,35.1551647,137.1621075
23211060,35.0818775,137.1907886
23211530,35.0166319,137.0794988
23212030,34.9691614,137.0791565
23213010,34.8788017,137.0762474
23214010,34.829088,137.2221731
23215010,35.3640517,136.9443313
23216110,34.8806346,136.8331928
23217010,35.3427634,136.8674351
23218010,35.3082578,136.7497289
23219010,35.2932711,136.9187659
23220510,35.2482443,136.7803512
23221010,34.91175339999999,137.5064734
23222010,35.0427414,136.9121266
23222020,35.0122987,136.8905668
23223010,35.0140404,136.9632992
23224030,34.9470411,136.8320953
23225040,35.0013115,137.0507759
23226010,35.2130968,137.0361451
23227010,34.9241337,136.9886334
23228010,35.2813226,136.8776855
23229010,35.0616221,137.0076365
23230510,35.1265174,137.0175681
23233510,35.2167225,136.8582901
23302010,35.0945507,137.0543488
23303020,35.15298380000001,137.0625597
23304010,35.178353,137.0520777
23342010,35.2490406,136.9144448
23342510,35.250402,136.9092046
23381010,35.3440604,136.770863
23421010,35.1566865,136.7937027
23422510,35.1838565,136.7883665
23425510,35.1283486,136.7785366
23427510,35.0744635,136.8149927
23428010,35.1106685,136.7228398
23441010,34.9331407,136.913089
23442010,34.9766915,136.9652933
23446020,34.7873666,136.8585363
23447010,34.852088,136.9141788
23481010,34.8124489,137.0300565
23501010,34.8787698,137.172655
23604010,34.8098894,137.3188633
23621071,34.6962171,137.2804764
23623020,34.6226339,137.1083519
24201020,34.6582943,136.3715338
24201030,34.7448059,136.4801737
24202010,34.9281307,136.642778
24202030,34.9466537,136.6217499
24202050,35.0087051,136.6419677
24202060,34.9816252,136.5916468
24202360,34.931522,136.5897226
24202370,35.03688959999999,136.5964811
24202510,34.96528190000001,136.6331651
24202520,34.9941812,136.5553873
24202530,35.0051925,136.6548337
24202540,35.0384617,136.6234786
24203010,34.5015958,136.7091012
24204010,34.5619693,136.5408246
24204510,34.6202421,136.5140642
24205010,35.0620946,136.6728604
24205510,35.05608,136.6726465
24206020,34.7589115,136.1426014
24206030,34.825904,136.215278
24207020,34.87787540000001,136.5528094
24207510,34.837948,136.589007
24208010,34.62280730000001,136.0915959
24209210,34.079752,136.1929755
24210010,34.8413247,136.4525238
24210510,34.8570203,136.4174046
24211010,34.4657062,136.847803
24212010,33.8919062,136.0929559
24213010,34.6776106,136.4892712
24215010,34.3290349,136.8204406
24323010,35.1001393,136.5379373
24342010,34.914545,136.627478
24344020,35.0221396,136.6669713
24442010,34.5272088,136.6372362
25201060,35.0649482,135.8764252
25201070,34.9986995,135.8384305
25201080,35.1139585,135.9186076
25201090,35.0030596,135.8905816
25201510,35.0019479,135.8637668
25201540,34.9553705,135.9081578
25201570,34.9439952,135.9872269
25202090,35.2528684,136.2399212
25203030,35.3886949,136.2667782
25204050,35.1267403,136.0944472
25205030,35.1058559,136.2048768
25206030,35.015314,135.9521406
25206510,35.0122876,135.960524
25207010,35.061777,135.9878221
25209010,34.964518,136.1644041
25212010,35.4085099,136.0392195
26101010,35.0413296,135.7376726
26102510,35.033474,135.759996
26103010,35.0484097,135.7785754
26104010,35.0116574,135.768125
26104060,34.9972746,135.7347028
26104510,35.00380579999999,135.7485527
26104520,35.0217817,135.7314496
26107510,34.9766563,135.7464222
26109010,34.9353648,135.7614388
26109020,34.9386385,135.7329103
26109030,34.9461056,135.8077096
26110010,34.9883662,135.8116237
26110510,34.9723498,135.8137147
26111010,34.97272299999999,135.6970648
26201040,35.295753,135.126034
26202030,35.4725387,135.3997423
26203010,35.3024841,135.2424489
26204010,34.8877494,135.7975476
26205020,35.5320785,135.1992499
26206010,35.014319,135.5611696
26207030,34.85319339999999,135.7890943
26208020,34.9469578,135.7040816
26210510,34.859282,135.7150941
26212010,35.6262461,135.0730999
26213010,35.1146087,135.4462755
26303020,34.9060996,135.6927802
26303510,34.8938379,135.6849198
26322020,34.889103,135.7362941
26342020,34.82309250000001,135.7693154
26343010,34.7959545,135.8083818
26362020,34.7377156,135.8265675
26366030,34.745738,135.763971
26367010,34.7653928,136.0258748
27101010,34.7087221,135.5135548
27101510,34.6959899,135.5018082
27103510,34.697381,135.4700047
27104010,34.68306949999999,135.4523554
27106010,34.6729017,135.4726219
27108010,34.6407367,135.4740101
27113010,34.706171,135.441145
27113510,34.7043934,135.4371696
27114510,34.7485825,135.5282521
27115010,34.6818742,135.5192376
27115510,34.6683746,135.5426099
27116010,34.6548574,135.5335846
27117010,34.7268678,135.5406867
27117510,34.7160209,135.561448
27118020,34.6971595,135.5430329
27120510,34.604784,135.5113011
27121510,34.6367992,135.5379828
27122010,34.6482716,135.4983651
27123010,34.7279232,135.4805698
27124010,34.7089151,135.5861101
27124510,34.7036546,135.5781019
27125010,34.6077923,135.4806725
27125030,34.6312772,135.4321541
27125510,34.6227715,135.4910591
27125520,34.6115767,135.4751199
27126010,34.6201981,135.545951
27143510,34.55730399999999,135.528624
27146010,34.5570586,135.5113913
27147010,34.5388535,135.5629276
27201020,34.5707763,135.471219
27201030,34.5435805,135.4580715
27201050,34.5598071,135.4550637
27201080,34.5939635,135.4721574
27201090,34.4869017,135.5128652
27201100,34.5261181,135.5283023
27201340,34.530998,135.5018183
27201510,34.5732755,135.4829962
27201560,34.5583889,135.447972
27201570,34.5686456,135.5164658
27201580,34.5277469,135.5088663
27201600,34.5294692,135.5639847
27202060,34.466049,135.3921665
27202530,34.4833962,135.3814348
27203030,34.7381854,135.473196
27203510,34.7814943,135.4695999
27203520,34.8093347,135.4925592
27204030,34.8249793,135.4475336
27205060,34.7584843,135.5039268
27205080,34.8128173,135.516357
27205090,34.7919888,135.5188107
27206030,34.5043449,135.410514
27207020,34.8632504,135.5983661
27207030,34.8372014,135.6150306
27207040,34.8663996,135.6490019
27207510,34.8458838,135.6172956
27208010,34.4357717,135.366139
27209010,34.7296986,135.5568719
27209510,34.7363332,135.5608747
27210010,34.8147103,135.6512921
27210020,34.8173011,135.7069558
27210030,34.8596482,135.6815718
27210510,34.8319694,135.6863985
27210520,34.7924294,135.6231519
27211010,34.8163014,135.5686194
27212010,34.625589,135.602002
27212030,34.6352691,135.63881
27212510,34.6124327,135.5898817
27212520,34.6294401,135.5782804
27213050,34.4041673,135.2983963
27213510,34.3987719,135.3091548
27214020,34.4998488,135.5972974
27215010,34.7662331,135.6280019
27216010,34.4387959,135.5672092
27216520,34.4552291,135.5636216
27217510,34.5796757,135.5517687
27218010,34.7119851,135.6284685
27219040,34.4462013,135.4592882
27221010,34.5729564,135.6455482
27224510,34.777648,135.5570404
27225010,34.5252005,135.4459077
27225510,34.5131898,135.4520136
27226030,34.574123,135.5974452
27227020,34.65578,135.6399158
27227030,34.6680742,135.5973071
27227040,34.6649412,135.5754813
27228010,34.3659929,135.2734005
27229510,34.7374635,135.6321609
27301010,34.8837769,135.6630611
27321010,34.9189488,135.4941717
27367010,34.3393855,135.228714
28101010,34.719939,135.2646412
28101030,34.6882591,135.2659601
28101040,34.7082387,135.2636154
28101520,34.7140375,135.277466
28102010,34.7139393,135.2299221
28102040,34.7042064,135.2340226
28103010,34.7075195,135.2029851
28105010,34.6569687,135.1699209
28106010,34.6655765,135.1509124
28107010,34.6474071,135.1208072
28107020,34.6935289,135.0986062
28107510,34.6513487,135.1298659
28108010,34.6373543,135.0612393
28108020,34.7215534,134.9988343
28108510,34.6287768,135.0609007
28109010,34.7221141,135.1336576
28109030,34.82544,135.2226007
28109520,34.848449,135.2161589
28110010,34.6621412,135.21206
28110510,34.695635,135.200991
28111010,34.7424496,135.0635739
28111510,34.6693589,134.979063
28201020,34.8051865,134.6285158
28201030,34.799866,134.6772342
28201040,34.78538020000001,134.7049696
28201050,34.8188168,134.7409633
28201060,34.7891826,134.5889833
28201070,34.8610095,134.6441278
28201090,34.90361180000001,134.5801986
28201380,34.84702920000001,134.6967822
28201390,34.9102816,134.737676
28201520,34.8351058,134.6827798
28201530,34.7887543,134.6595313
28202010,34.747641,135.4046339
28202020,34.7250871,135.4127441
28202030,34.7158038,135.4204416
28202520,34.7159955,135.3886705
28202530,34.765182,135.3863701
28202540,34.7467467,135.411568
28202550,34.7460579,135.4245068
28202560,34.7279116,135.3950525
28202570,34.7540979,135.4476916
28202580,34.7126408,135.4235418
28203020,34.6986724,134.8883981
28203030,34.6814035,134.9437595
28203060,34.6531234,134.9804159
28203510,34.6485439,134.9715895
28203530,34.6690564,134.9609329
28204010,34.7376624,135.3415092
28204020,34.7183836,135.3701078
28204030,34.7439871,135.3673005
28204130,34.7696173,135.3526872
28204140,34.8274697,135.2371348
28204150,34.7132147,135.3543201
28204510,34.7376624,135.3415092
28204520,34.7316771,135.3486022
28204530,34.7480938,135.3454597
28204560,34.7203214,135.3668245
28204570,34.8263597,135.3075362
28205010,34.3428874,134.8953679
28206090,34.7459675,135.3033924
28206510,34.7313628,135.3173828
28207030,34.7842699,135.4010579
28207510,34.7935224,135.4104432
28208010,34.8036472,134.4680807
28208510,34.8197588,134.4870301
28209010,35.544535,134.8201981
28209510,35.539756,134.8237373
28210010,34.7573094,134.842399
28210020,34.7418078,134.8235339
28210030,34.727075,134.8433809
28210050,34.7931037,134.8328348
28210180,34.8271403,134.8224735
28210190,34.8067917,134.8720055
28210520,34.743471,134.8776041
28210530,34.7571132,134.8230474
28211010,34.8577824,134.5433514
28212010,34.7549367,134.3903396
28213010,34.9942426,134.9690021
28214010,34.7859124,135.3618255
28214510,34.8093554,135.3451574
28216010,34.7659515,134.7906399
28216520,34.771899,134.7973076
28217010,34.8298751,135.4169342
28217520,34.8133456,135.4092159
28217530,34.8831302,135.4012784
28218510,34.8481763,134.935277
28219010,34.8900447,135.2254559
28381010,34.7485875,134.9132896
28382010,34.7153597,134.86795
28464010,34.8331866,134.5722212
28641010,35.1294529,135.0828637
29201020,34.700443,135.7428978
29201030,34.7161814,135.7979944
29201060,34.6748155,135.8359458
29201530,34.6723054,135.7997165
29202010,34.5150717,135.7364507
29204010,34.5948116,135.8303094
29205510,34.509211,135.790301
29206010,34.5218927,135.8429944
29208010,34.46037,135.737043
29209010,34.6916695,135.7079001
29363010,34.5628646,135.7783702
29425010,34.593396,135.7092685
29451010,34.1583727,136.0372508
30201020,34.2477906,135.1380815
30201030,34.2450676,135.146911
30201040,34.2396208,135.1857829
30201050,34.2142592,135.1624828
30201070,34.2510472,135.1324962
30201080,34.2333169,135.1446307
30201110,34.1855097,135.1803157
30201130,34.2434908,135.287748
30201250,34.2543887,135.1100505
30201270,34.2610732,135.1987627
30201280,34.2140338,135.1809997
30201300,34.2129031,135.1864594
30201520,34.2264415,135.1887026
30202020,34.1495701,135.2141826
30202140,34.1566475,135.2099741
30202160,34.1593253,135.2005338
30202180,34.1625212,135.27939
30203010,34.3117943,135.6009567
30204030,34.0996597,135.1163438
30205010,33.8910819,135.1552983
30205020,33.9080516,135.1631757
30205030,33.9041784,135.16791
30205040,33.8955679,135.1798304
30205050,33.8674976,135.1630313
30205060,33.8347788,135.1830487
30206010,33.7321135,135.3833504
30207010,33.7201518,135.9858505
30301020,34.1106858,135.1441151
30301030,34.1215208,135.1629015
30301050,34.1270054,135.1880594
30302010,34.163865,135.3070497
30322010,34.2729068,135.4024175
30361010,34.0360218,135.1829826
30384010,33.9121988,135.1939121
30390010,33.8567607,135.2337297
30391010,33.7931348,135.3439917
31201020,35.4969111,134.2280553
31201040,35.5037675,134.2361504
31202020,35.43753900000001,133.3415734
31202520,35.4282325,133.3307485
31203020,35.43944500000001,133.8443247
31204010,35.513531,133.2348626
32201060,35.475041,133.0128471
32201520,35.4592885,133.0660438
32202040,34.8978256,132.0706429
32203040,35.3462243,132.7508999
32204040,34.6778687,131.8512675
32204950,34.6785189,131.7929818
32205010,35.2040294,132.4996385
32206040,35.4317631,133.2545686
32207060,35.0112753,132.221021
32209010,35.3088037,132.9005304
32528950,36.2789097,133.1977459
33201040,34.605476,133.9735102
33201060,34.6067072,133.9352329
33201120,34.6581226,134.0327459
33201130,34.6724367,133.9237065
33201160,34.6841435,133.9856567
33201180,34.6611063,133.9208001
33201190,34.5880389,133.8528222
33201210,34.65261479999999,133.863916
33201220,34.6398259,134.0545523
33201250,34.7846782,133.9285393
33201530,34.6284591,133.9207248
33201540,34.7134968,134.0758246
33202020,34.5452544,133.7418266
33202030,34.5205048,133.7751875
33202060,34.5165856,133.7597423
33202070,34.5091621,133.7693672
33202080,34.5011853,133.7741
33202090,34.4767912,133.7708994
33202100,34.5384355,133.7162787
33202110,34.6007931,133.7758944
33202120,34.5940316,133.8072838
33202130,34.5613605,133.8114626
33202140,34.5899827,133.8362679
33202150,34.5360861,133.8158591
33202160,34.5841792,133.7286457
33202170,34.5481718,133.6692741
33202180,34.4693573,133.8099335
33202190,34.4738454,133.8439602
33202400,34.5278135,133.7401624
33202410,34.5366081,133.7611332
33202420,34.6463042,133.8231236
33202520,34.6015683,133.7660243
33202530,34.5800143,133.7570366
33203020,35.07108789999999,134.0086808
33204010,34.4595985,133.924191
33204020,34.4600964,133.9318657
33204030,34.4575148,133.9090946
33204040,34.4899774,133.9478511
33204050,34.4560387,133.9206503
33204060,34.4535257,133.9329484
33204070,34.5349395,133.9767032
33204090,34.5245598,133.8991633
33205010,34.4595922,133.4907077
33205020,34.4942837,133.4605487
33205510,34.5071564,133.5073882
33207510,34.60356,133.4618076
33208010,34.6705868,133.7489712
33209010,34.791041,133.6106447
33210010,34.9724028,133.4620724
33211030,34.7312032,134.2186291
33211040,34.7059861,134.1927834
33211050,34.7450937,134.1953924
33211060,34.7863947,134.295262
33211070,34.8137553,134.259746
33211520,34.7405894,134.1630569
33213020,34.778599,134.0995961
33215010,35.0322127,134.1559961
33342010,34.7473902,134.2940462
33423010,34.5995481,133.8265408
33423510,34.6075268,133.8171478
33441010,34.5851341,133.7073379
33442010,34.5432625,133.6244201
33444010,34.4783277,133.583613
33503010,34.628022,133.6888858
33584510,35.08112,133.7884535
33681010,34.8346147,133.763659
34102020,34.4459346,132.535839
34104510,34.3919777,132.4234875
34105010,34.4518447,132.4716534
34105020,34.4673967,132.4012132
34105510,34.4546433,132.4717804
34201010,34.4123956,132.4507608
34201020,34.3786302,132.4680505
34201250,34.3721045,132.3844182
34201260,34.5185624,132.5095822
34201510,34.3952852,132.4584929
34201520,34.3809669,132.4696959
34202010,34.2548538,132.5769764
34202020,34.233441,132.5621196
34202030,34.2477288,132.561125
34202040,34.2318862,132.6274799
34202050,34.2185434,132.547896
34202510,34.2533993,132.5843493
34203010,34.3410529,132.9030429
34204150,34.40082,133.0678975
34204520,34.3965538,133.0741158
34205010,34.4151156,133.2075875
34207020,34.4833864,133.3687573
34207040,34.5119416,133.4120217
34207060,34.4399246,133.3820707
34207090,34.4692547,133.3943468
34207310,34.5548708,133.3294451
34207320,34.4859845,133.3624239
34207510,34.4859545,133.3619721
34208050,34.5701429,133.2421001
34209020,34.7948277,132.8538309
34211200,34.2191738,132.2208283
34212030,34.4199878,132.7410134
34304010,34.367675,132.528945
34322030,34.3572791,132.3418712
34369010,34.6884019,132.5436057
34408010,34.4304391,132.8735328
34427010,34.2426467,132.8908742
34501010,34.5436476,133.3849625
35201010,34.0675331,131.0291487
35201020,34.003159,130.9882162
35201030,33.9422417,130.8968264
35201040,33.9894006,130.9266483
35201250,34.1711271,130.9337317
35202020,33.955584,131.2503009
35202030,33.9358378,131.2587361
35202360,33.9941497,131.2178404
35203010,34.1481911,131.4262338
35204010,34.4086489,131.3962263
35205010,34.0561592,131.8107246
35205030,34.0095064,131.8128704
35205040,34.0453931,131.8273745
35205520,34.0756731,131.8252971
35206010,34.0517195,131.5627639
35206050,34.01842329999999,131.5490147
35207030,33.9995912,131.8779448
35207090,34.0150314,131.8703977
35208010,34.1698473,132.2165637
35208030,34.1454996,132.2133117
35209010,33.9743641,131.1802202
35209020,33.9594419,131.1836085
35210020,33.9756147,131.9284452
35210040,33.9627921,131.9528553
35211010,34.3696188,131.1841879
35212010,33.9638317,132.1015946
35213010,34.1666215,131.2057107
35213020,34.1677177,131.2089907
35214010,34.070728,131.7888439
35214020,34.0729216,131.7646901
35321010,34.2074881,132.2213293
36201010,34.1080963,134.574141
36201030,34.1153187,134.5270979
36201080,34.0699809,134.5606766
36201110,34.0085493,134.5463497
36201510,34.0696883,134.5581685
36202010,34.1725821,134.6139682
36203010,34.0062189,134.5853814
36204010,33.9252416,134.6714388
36204020,33.8841084,134.6664181
36204030,33.8756865,134.6076625
36204040,33.8311589,134.6773602
36204050,33.9354783,134.609009
36204060,33.925158,134.6401513
36204070,33.8720191,134.6411426
36204080,33.8373032,134.6211663
36205010,34.067513,134.3583299
36342010,33.9737051,134.3650327
36361010,33.9635046,134.6414821
36362010,33.9463577,134.6198856
36363010,33.8573215,134.4951111
36381010,33.7771311,134.5990156
36401010,34.1316995,134.5903628
36402010,34.1183872,134.5430334
36403010,34.124576,134.4957601
36461010,34.0655576,134.1624967
36483010,34.0281195,133.7985432
37201010,34.3458351,134.0620291
37201080,34.3021092,133.9630843
37201090,34.3256394,134.1197927
37201100,34.2334691,134.0347077
37201510,34.3307543,134.0467482
37201540,34.3334689,134.0468371
37201550,34.313848,134.0302398
37202010,34.2895316,133.7976091
37202030,34.2801926,133.7855056
37202070,34.3000662,133.816158
37203010,34.3201374,133.8585185
37203020,34.35467149999999,133.8506031
37203040,34.3658103,133.8925274
37203050,34.3270451,133.8907681
37203110,34.2919727,133.8601576
37203130,34.4209823,133.8028027
37204010,34.228752,133.786488
37205010,34.1284249,133.6627923
37206010,34.2893966,134.2486039
37322010,34.485194,134.190909
37364010,34.4597959,133.9956336
37386010,34.3107152,133.8257005
37404010,34.2725045,133.7536465
38201020,33.8225127,132.7283802
38201030,33.8884275,132.7326196
38201080,33.8415709,132.7273863
38201090,33.810515,132.7002782
38201510,33.8492794,132.7586032
38201530,33.82088,132.7622654
38202100,34.0632635,132.9994212
38203010,33.2277019,132.5704637
38204010,33.4616304,132.4225276
38205010,33.9564235,133.2817621
38205020,33.96158339999999,133.2705843
38205060,33.9321902,133.2804705
38205080,33.9745739,133.3016738
38205090,33.9390411,133.3038836
38205100,33.9775252,133.3463628
38206020,33.919926,133.2262643
38206050,33.9177615,133.1917875
38206070,33.9149039,133.1403278
38208020,34.0163191,133.5775129
38208030,33.9921791,133.5860325
38209030,33.9640735,133.5138443
38209050,33.9810411,133.5500676
38212040,33.9316927,133.0801232
38302020,33.9515458,133.4187881
38321010,33.8795182,133.0704759
38323010,33.8970777,133.0558303
38323020,33.8601195,133.0207245
38380010,33.6593556,132.9062257
38401010,33.7793348,132.7063887
38421010,33.6256272,132.5264409
39201350,33.550147,133.5984871
39201360,33.5471062,133.5579911
39201530,33.5413029,133.4894538
39203010,33.5062684,133.9029139
39204070,33.5467198,133.6255336
39206020,33.3876741,133.274771
39206080,33.4015301,133.3222227
39210010,32.98001720000001,132.9051352
39212010,33.596347,133.690061
39381030,33.5469658,133.4328315
39405950,33.3907069,132.9441308
40101010,33.899006,130.9337647
40101020,33.8854016,130.9612121
40101510,33.9473094,130.96973
40103010,33.9015062,130.8073796
40103120,33.89368080000001,130.6939898
40103130,33.9208747,130.7849959
40105010,33.8952617,130.8293822
40106010,33.8863949,130.850335
40106020,33.8842785,130.8704725
40106510,33.8723165,130.882282
40107020,33.8302551,130.9395423
40107040,33.8227981,130.8757484
40108010,33.8637029,130.8128458
40108510,33.868205,130.7998865
40109010,33.8615931,130.7597913
40109030,33.8252769,130.737949
40109510,33.8658221,130.7646321
40131010,33.635569,130.4283926
40131030,33.6719413,130.4385813
40132010,33.6066763,130.4285519
40132520,33.5902821,130.4285519
40132530,33.6051041,130.4105582
40133010,33.5909924,130.4010097
40133510,33.5919073,130.3982939
40134010,33.5645378,130.4318972
40134510,33.5533525,130.4334872
40135020,33.5573435,130.3812873
40135060,33.5854231,130.2527462
40135510,33.5840497,130.3597423
40135520,33.5753684,130.371925
40135530,33.5738695,130.3165995
40135540,33.57162,130.2819985
40137010,33.5800301,130.3567885
40202010,33.0301519,130.4461332
40202030,33.0111309,130.435119
40202050,33.0228643,130.4560889
40202060,33.0344876,130.4349005
40202080,33.0642116,130.475043
40202250,33.0134463,130.4750629
40202510,33.0266476,130.4433566
40203060,33.3060812,130.5234554
40203070,33.2544504,130.4671466
40203100,33.32085,130.5076516
40203110,33.3492657,130.6895799
40204010,33.74663,130.7303117
40205010,33.6133649,130.6949011
40206010,33.6327558,130.7726649
40210010,33.201191,130.5930246
40214010,33.6123245,131.1305023
40216010,33.396427,130.5555506
40220010,33.8046154,130.540609
40221010,33.510286,130.5006302
40222010,33.5646022,130.2105074
40223510,33.7163949,130.4630905
40228010,33.3638379,130.8139589
40342010,33.6259658,130.5247161
40563010,33.157386,130.416551
40621010,33.77587159999999,130.9805349
41201030,33.2568013,130.3080848
41201040,33.4275987,130.2801537
41201540,33.27765300000001,130.3096174
41202060,33.4203329,129.9197321
41202160,33.4500971,129.9682676
41202200,33.4542386,129.9593119
41203010,33.373168,130.4989564
41203050,33.3792565,130.5285303
41204010,33.3001304,130.0889357
41205080,33.2769087,129.9041873
41205090,33.3094089,129.8118539
41206010,33.19687570000001,130.0254025
41207010,33.0968652,130.0946999
41209010,33.1006268,129.9850844
41210010,33.3045177,130.3755655
41341010,33.4216758,130.5191923
41401020,33.2307731,129.8489097
41425010,33.1849969,130.1504313
42201030,32.7561519,129.8604545
42201280,32.7055577,129.8495919
42201300,32.775812,129.9510695
42201510,32.7533395,129.8719361
42201530,32.7499529,129.8785818
42201540,32.7441406,129.8759924
42202020,33.1948696,129.6669321
42202030,33.208478,129.7211625
42202140,33.1362827,129.7975575
42202160,33.1447725,129.7798616
42202510,33.156488,129.7546795
42202520,33.1592435,129.7311166
42203010,32.7890493,130.3748333
42204060,32.8426277,130.02421
42205010,32.91351240000001,129.9602671
42208040,33.3457306,129.715007
42209010,34.2102138,129.289686
42209950,34.2426737,129.2857639
42210010,33.7505959,129.691157
42211010,32.6989579,128.8460344
42211950,32.6954809,128.8409418
42213010,32.7321302,130.2113464
42308040,32.827976,129.846458
42309010,32.7503334,129.8778888
42314020,32.9215763,129.6750369
42322060,33.0730338,129.8501958
42392020,33.1804356,129.7157996
43201140,32.8482694,130.7535418
43201150,32.8165263,130.7033798
43201160,32.9038019,130.6956394
43201170,32.7721724,130.7722296
43201180,32.765727,130.6308774
43201190,32.7262946,130.7141951
43201510,32.8044066,130.7140311
43201520,32.7822415,130.7405664
43202020,32.507843,130.601994
43202030,32.5174703,130.6118229
43202520,32.5010333,130.6384926
43203011,32.2064635,130.7589282
43204200,32.9808242,130.4674218
43205030,32.2111265,130.3882576
43205160,32.2152235,130.3992939
43206020,32.9314599,130.5590789
43207010,32.4611967,130.1948336
43208010,33.0093764,130.6999328
43210010,32.9789312,130.8129958
43211050,32.6839422,130.6656533
43212010,32.5163813,130.4327237
43214011,32.9387289,131.1143787
43215010,32.3961841,130.1145503
43215020,32.3470595,130.181097
43215030,32.3654264,130.0525067
43215040,32.4246008,130.0274159
43403010,32.8778981,130.8841776
43443010,32.7914033,130.8163704
43444010,32.6529167,130.8084429
43481010,32.3449429,130.5076265
43530010,32.4585255,130.1934363
43531010,32.512424,130.0518805
43531020,32.5168003,130.1094282
43531030,32.4575995,130.0530568
43531040,32.4486432,130.0807442
43532010,32.3795734,129.9952934
44201010,33.1905809,131.6221805
44201050,33.2149152,131.5949131
44201070,33.2529485,131.6802716
44201080,33.2480139,131.7190302
44201090,33.228785,131.750388
44201100,33.1554109,131.6597893
44201130,33.2438151,131.6390568
44201340,33.2149186,131.7236188
44201350,33.1890619,131.5510242
44201360,33.2074647,131.6660204
44201370,33.2370792,131.5941239
44201510,33.2346538,131.6081989
44201520,33.1968125,131.608043
44202020,33.2896192,131.4830418
44203070,33.5921353,131.1959413
44204010,33.3280901,130.9403851
44205020,32.9647369,131.9044301
44206010,33.1261432,131.8052297
44207010,33.072166,131.8609693
44212010,32.97569,131.580992
44213010,33.1795362,131.4261165
44214010,33.5575004,131.7326109
44341020,33.3784676,131.5312689
44381010,33.2470397,131.8765037
45201040,32.0239101,131.4740591
45201050,31.9325923,131.4108541
45201060,31.8391689,131.3010585
45201520,31.8976545,131.4181248
45201530,31.9308271,131.3709131
45201540,31.9437073,131.427765
45202020,31.76077,131.0796778
45202510,31.719543,131.061519
45203020,32.61588,131.6678507
45203090,32.5519338,131.6728739
45203100,32.5792155,131.6569154
45203520,32.575523,131.6791021
45204010,31.60241139999999,131.3849154
45204030,31.5904509,131.4018221
45205010,31.98157,130.995976
45206020,32.4357798,131.6435848
45206030,32.4228811,131.6225041
45206080,32.4357798,131.6435848
45401010,32.1296366,131.5187752
45403010,32.1919477,131.1300697
45441010,32.7057957,131.305506
46201010,31.5967656,130.5574211
46201130,31.5211345,130.5175494
46201220,31.5573656,130.6803583
46201260,31.5781089,130.7006459
46201270,31.584549,130.5644401
46201520,31.5638531,130.5548872
46202040,31.7950468,130.1966463
46202200,31.8143991,130.3031988
46202520,31.8321617,130.2931962
46203010,31.375051,130.8487826
46205010,31.7590927,130.2020495
46208010,32.088342,130.3518793
46212010,31.7358698,130.7627325
46220010,31.4168733,130.3227599
46302010,31.6195823,130.6344888
46302020,31.5801549,130.6270694
46321010,31.3640453,130.5381458
46466010,31.4721334,131.0994505
46482010,31.3687566,130.9914922
47201140,26.2065548,127.693895
47201580,26.2156831,127.6856834
47206020,24.8032189,125.2876685
47207020,24.3404034,124.1871751
47208510,26.2674837,127.7235186
47209080,26.593427,127.9876849
47210060,26.1460274,127.6656429
47211050,26.3478034,127.8197995
47301950,26.7456488,128.1779451
47322010,26.3565509,127.9723621
47329010,26.2219792,127.7578588
